id,aiPersonaServiceID,createdDate,updatedDate,version,description,authorizationId,interactionModes,dataAccessMode,bodyOfKnowledge
00937c9c-bccd-45ec-bbcc-380b6f32f71a,8fa3eb64-8398-475c-9c2e-eca0958e160b,"2024-08-13 14:25:33.765350","2024-08-13 14:25:33.765350",1,"AI Persona for virtual contributor test-1",887f47de-251b-415a-832f-a94daef2615b,discussion-tagging,space_profile_and_contents,
02b92f34-d955-4f14-b4c4-25ff520763e7,3e449a7f-2e8c-4cf9-871b-a5ce4d07e06e,"2024-08-12 14:13:53.790968","2024-08-12 14:13:53.790968",1,"AI Persona for virtual contributor test2",dd2b28a9-91a0-4470-b76f-8076709c56db,discussion-tagging,space_profile_and_contents,
03ceb88a-0763-4d26-849d-c29354316c16,9fd04f82-b9c1-4617-bbe6-8e0ee3d0654d,"2024-06-24 14:32:07.051190","2024-06-28 11:08:55.703512",1,,d231492d-e42c-4729-ba22-b2055dc143eb,[discussion-tagging],space_profile,"Body of knowledge: based on the AI persona service ID: 9fd04f82-b9c1-4617-bbe6-8e0ee3d0654d"
04e147ee-1682-4712-b1bc-38a09478b3d4,a1c96579-33a0-4fb3-bdb2-a96ee40acfa3,"2024-07-01 07:14:19.686162","2024-07-01 07:14:19.686162",1,"AI Persona for virtual contributor dominaciq",2e98c811-f7fb-43ef-85c4-f2d8aeff9712,discussion-tagging,space_profile_and_contents,
067b5fd0-4464-41c2-af9a-55bb98661d8f,2419c98a-4cc1-40e7-a3cb-bae412e72d9e,"2024-07-01 08:55:27.229203","2024-07-01 08:55:27.229203",1,"AI Persona for virtual contributor vcbtest2",d3640049-4fa0-47e3-bad1-d875b6d8cf48,discussion-tagging,space_profile_and_contents,
0ad6f32a-530d-445c-b2a1-0e82af1eaa73,1e97676f-88a2-4bdb-9dc2-29e26960e446,"2024-08-12 13:18:37.199203","2024-08-12 13:18:37.199203",1,"AI Persona for virtual contributor 777",cd2c948e-3734-4ee5-9c98-1ad55b4dafe8,discussion-tagging,space_profile_and_contents,
0b6149a2-e92f-48c3-a140-1b6914a23130,72ce16ab-7818-4a4d-a57e-fbe15aea98a0,"2024-08-13 14:27:56.627437","2024-08-13 14:27:56.627437",1,"AI Persona for virtual contributor 4rth",9df61557-5c78-4e36-974b-4629cb1f35a2,discussion-tagging,space_profile_and_contents,
0d162141-bffa-434f-8072-ae2397a6614d,2bf19028-84db-43e5-b96e-ca46cfaad093,"2024-07-01 09:26:12.205834","2024-07-01 09:26:12.205834",1,"AI Persona for virtual contributor test-vc-002",c9944d15-e94f-4371-9409-b9ea435616c1,discussion-tagging,space_profile_and_contents,
0d624a93-982c-46df-9f7f-523a598dad3e,29302603-9b48-49e2-92be-80e7cfbff9f7,"2024-07-18 12:33:12.495102","2024-07-18 12:33:12.495102",1,"AI Persona for virtual contributor jul18-2024",0cae1aa9-c38a-47fe-8c12-880e15bdd8df,discussion-tagging,space_profile_and_contents,
0f99c9e9-bcac-4fe1-beef-ff1b5b6375bc,92269fdf-63c8-48a9-9f57-d6a2e8735eaa,"2024-06-24 14:32:12.562306","2024-06-28 11:08:55.735711",1,,48b037e6-28a4-4ee3-a11f-c171b100b00c,[discussion-tagging],space_profile,"Body of knowledge: based on the AI persona service ID: 92269fdf-63c8-48a9-9f57-d6a2e8735eaa"
10737769-cbcb-47df-8a47-d202cce59886,84b96ade-f780-4d43-be43-ec98eea7933c,"2024-08-12 07:16:57.989592","2024-08-12 07:16:57.989592",1,"AI Persona for virtual contributor 555",9c92b66a-5a9c-4997-94fa-14ea6ebef880,discussion-tagging,space_profile_and_contents,
10ee84d3-da82-4777-8149-7f53737c3894,7f488ee4-13a3-4a6e-8f96-e5826a74e6a8,"2024-07-01 12:34:20.636664","2024-07-01 12:34:20.636664",1,"AI Persona for virtual contributor vc-test-create-flow-002",a3f2a4d9-8543-4f36-90e7-8c5085d690f5,discussion-tagging,space_profile_and_contents,
113ce774-7c2b-46de-b071-0f1e08a4a775,5306ce84-1810-4bc7-934c-db81679dcb46,"2024-07-01 10:47:22.929817","2024-07-01 10:47:22.929817",1,"AI Persona for virtual contributor vccreationflowleadtes",ec866c7a-ad07-443b-afd9-001b10a84ef9,discussion-tagging,space_profile_and_contents,
121ae91b-e387-4394-bd82-5639e10e72c5,6687357a-0694-445f-8aca-d63023bb8e0f,"2024-06-25 11:05:34.500424","2024-06-28 11:08:55.768889",1,"AI Persona for virtual contributor j25-3-publicnotinlibra",b8b2f72e-674c-42f1-b728-ce3eb7116e76,discussion-tagging,space_profile_and_contents,"Body of knowledge: based on the AI persona service ID: 6687357a-0694-445f-8aca-d63023bb8e0f"
126a2d20-ef6b-457b-be4e-ba16cb6e453c,2fb7dfb2-c0cb-45fa-b67b-9ef7250baf4c,"2024-07-01 07:48:35.144107","2024-07-01 07:48:35.144107",1,"AI Persona for virtual contributor vcrole",f90274ba-fe72-4258-80c0-2fed18874f03,discussion-tagging,space_profile_and_contents,
159e5b3e-43cc-4db6-a24f-053cefec7c6e,fd531874-0ef7-494d-8a91-6a6cbdc0c88d,"2024-08-12 07:27:40.448942","2024-08-12 07:27:40.448942",1,"AI Persona for virtual contributor test-vc-flow-004",c0837b55-a734-42e1-8978-906c6b1a83b9,discussion-tagging,space_profile_and_contents,
188bcc5f-25d6-4ca5-a37d-5a69cfd60021,5a171b59-2134-446f-bcd3-b52e2cde6ca2,"2024-07-19 10:27:42.622211","2024-07-19 10:27:42.622211",1,"AI Persona for virtual contributor 523454245",ec178dd9-e0ea-4e04-9476-030e896face9,discussion-tagging,space_profile_and_contents,
19777f87-4ab6-4775-9ddd-3a9c9da17b6a,d382eb2f-f0cb-4af6-8ebc-6064ebcfa2c6,"2024-08-12 07:14:51.696496","2024-08-12 07:14:51.696496",1,"AI Persona for virtual contributor 233",0362896f-c5d4-4361-b672-c5a675d45abd,discussion-tagging,space_profile_and_contents,
1b46e239-c1ae-4b4a-952e-c6626af63d08,94f0567a-0e4a-477b-9fe9-0f4bbb38f607,"2024-08-12 06:50:30.498053","2024-08-12 06:50:30.498053",1,"AI Persona for virtual contributor 222",3e9f28a3-7268-4621-bd38-e4b909c181bd,discussion-tagging,space_profile_and_contents,
1c0a9ed1-c2b2-45cb-bcb8-7dc758282a5b,8030b146-f2ad-4fca-a3d6-8248dbac5a95,"2024-06-24 14:32:07.825134","2024-06-28 11:08:55.804117",1,,fb8c81b2-40f9-4c78-9f0c-c9019f592b6b,[discussion-tagging],space_profile,"Body of knowledge: based on the AI persona service ID: 8030b146-f2ad-4fca-a3d6-8248dbac5a95"
1c49bb09-0af4-4d95-9a2c-513447a47b1d,b50aefd2-7bd4-48b6-8476-49e64ba8c9be,"2024-08-20 08:35:15.277055","2024-08-20 08:35:15.277055",1,"AI Persona for virtual contributor 7557q",ce5c3a6a-7bad-42a3-9349-9fc1a83add65,discussion-tagging,space_profile_and_contents,
1f7e3d24-57eb-4ab5-aee6-590650036b66,bbfbca7f-5e3c-4b4a-ba13-115d0e20f054,"2024-06-28 11:48:30.260245","2024-06-28 11:48:30.260245",1,"AI Persona for virtual contributor denisevc",12594b27-4d66-4a2d-863a-3f48f9cf0a14,discussion-tagging,space_profile_and_contents,
22c550b6-13f1-47af-8c9d-5e4b1162e7e9,347e89f7-7718-4cd1-bce3-14215158534d,"2024-06-25 11:06:57.299739","2024-06-28 11:08:55.832820",1,"AI Persona for virtual contributor j25-5-hidden",c36f9f8a-95a9-4799-b9b0-c6671f0eaf0a,discussion-tagging,space_profile_and_contents,"Body of knowledge: based on the AI persona service ID: 347e89f7-7718-4cd1-bce3-14215158534d"
24f3273e-f81a-4e19-a10c-a5e4d6715954,d7ade3db-5c0d-4a59-97b1-cd0068214fbb,"2024-06-28 11:55:01.927932","2024-06-28 11:55:01.927932",1,"AI Persona for virtual contributor campaign-manager",e3c6fc29-de37-427d-8d98-97c83ac1cc6e,discussion-tagging,space_profile_and_contents,
26758b86-71d5-4df5-bc64-686b8ea30ae2,66cfb263-8682-40e1-be0d-11631bea38bf,"2024-07-01 10:36:31.014104","2024-07-01 10:36:31.014104",1,"AI Persona for virtual contributor vc-test-create-flow",f8e430cf-249b-478f-b132-b65ea963de67,discussion-tagging,space_profile_and_contents,
283594b5-6ca8-4afc-ad17-66793acd053d,bb157934-85d3-4456-a16a-4a362c237c81,"2024-07-05 14:05:03.975843","2024-07-05 14:05:03.975843",1,"AI Persona for virtual contributor pesho",86d2841e-607f-4872-ad5e-1225fffefc18,discussion-tagging,space_profile_and_contents,
28ce2e32-ecce-4c1a-974f-09a94698be17,bdf1b8a4-f44b-4fa5-b1ee-02ea5716f3c4,"2024-08-12 07:45:25.894434","2024-08-12 07:45:25.894434",1,"AI Persona for virtual contributor 123-1",c93466d1-f641-40b6-999d-fbdc1a5d9248,discussion-tagging,space_profile_and_contents,
2b8323e3-7387-4d56-8eed-df745f81c02f,d0cb25f7-a53d-45f0-ac5e-d2e8ba3c14a2,"2024-07-01 08:43:41.898136","2024-07-01 08:43:41.898136",1,"AI Persona for virtual contributor vccreationflowmbtest1",2d22bb90-08b8-45cc-9ee7-b1b497944918,discussion-tagging,space_profile_and_contents,
2bd4582d-c1fd-475a-bfb8-ce46118a0b63,f0ef4f67-7173-458f-bdd0-8428b862d6b9,"2024-06-24 14:32:07.545727","2024-06-28 11:08:55.865762",1,,bfa9a1b7-c27f-451f-9506-30b59ec60ae1,[discussion-tagging],space_profile,"Body of knowledge: based on the AI persona service ID: f0ef4f67-7173-458f-bdd0-8428b862d6b9"
2c008af5-b0aa-483a-9265-794a1eb68968,7158f7a1-a3da-4432-9e10-75353c66d59a,"2024-08-12 10:53:10.445359","2024-08-12 10:53:10.445359",1,"AI Persona for virtual contributor 222-1",6921304c-1da7-4ca2-8c97-d8d8bf0e1805,discussion-tagging,space_profile_and_contents,
2d1af4f7-017c-4d92-abcc-e9a84d66628d,42058ceb-00d2-4116-9bb9-2858c661abac,"2024-07-01 07:27:45.878574","2024-07-01 07:27:45.878574",1,"AI Persona for virtual contributor neil-vc",26a82908-59b8-4b1e-aae3-001c8e53ebab,discussion-tagging,space_profile_and_contents,
2d4d065b-a3cf-44f0-a5e3-3ae2d8805431,6ec3b252-f836-4610-9047-3d9a6605abce,"2024-07-10 14:21:40.123168","2024-07-10 14:21:40.123168",1,"AI Persona for virtual contributor 123",190320f5-086b-4b1a-8521-016da8d0a18a,discussion-tagging,space_profile_and_contents,
2e77c177-0d47-487e-b6be-c0c52351204d,e39fb646-06a5-4f68-826a-d6500b877751,"2024-08-09 08:32:08.060757","2024-08-09 08:32:08.060757",1,"AI Persona for virtual contributor test-vc-flow-001",5faa8d74-2f27-42bf-a3b4-682de1fc2acd,discussion-tagging,space_profile_and_contents,
2fab49dd-bd95-46bf-9d26-c41039045ac5,5b8f2567-e1a9-4f46-a6df-5d38f3813f0c,"2024-06-25 11:06:19.475757","2024-06-28 11:08:55.894295",1,"AI Persona for virtual contributor j25-3-private",5ec9995c-1f66-4e0c-94bc-7820c38ad9b0,discussion-tagging,space_profile_and_contents,"Body of knowledge: based on the AI persona service ID: 5b8f2567-e1a9-4f46-a6df-5d38f3813f0c"
3122b221-9ee9-4d91-abe3-61cfb24716b7,e910a8ec-fbb7-4ce0-bc3e-346e90e9e083,"2024-06-24 14:32:12.868253","2024-06-28 11:08:55.921555",1,,daac3b03-a10e-4cf4-a889-007b1f68de0f,[discussion-tagging],space_profile,"Body of knowledge: based on the AI persona service ID: e910a8ec-fbb7-4ce0-bc3e-346e90e9e083"
343d203c-fe39-4e9a-9631-132ec3e7d0c0,b9ef78e2-e1c8-4662-9394-6a4fd8651313,"2024-08-28 15:23:26.702033","2024-08-28 15:23:26.702033",1,"AI Persona for virtual contributor evgeniadminvc",6d7ac186-61db-47dc-9e25-c68e442de522,discussion-tagging,space_profile_and_contents,
34822083-60fa-48f7-9499-bc2ca66104ba,b7b92cc7-43c9-4519-9880-b68a92c949ea,"2024-06-24 14:32:08.298517","2024-06-28 11:08:55.958736",1,,4973fb1c-0ff4-494a-950d-a69657db7ff5,[discussion-tagging],space_profile,"Body of knowledge: based on the AI persona service ID: b7b92cc7-43c9-4519-9880-b68a92c949ea"
34bf3b49-7d6f-4ba6-baef-7eef6ac79b4d,7331eeb6-acee-4130-bf2d-863c06a9cab5,"2024-07-08 11:42:51.431795","2024-07-08 11:42:51.431795",1,"AI Persona for virtual contributor ssl1vc",591d0ca3-2f97-43fd-a46c-767624413bef,discussion-tagging,space_profile_and_contents,
36a4fdc6-81cd-4419-b40f-c3c0096dc2ca,658dd548-6272-4d40-b2bf-d159ce9303bc,"2024-08-28 20:01:02.339716","2024-08-28 20:01:02.339716",1,"AI Persona for virtual contributor 123r8",4735f5c9-ca1a-4ebb-8021-866a40d5b605,discussion-tagging,space_profile_and_contents,
3aa59837-c924-4bbf-ab55-266c641513f8,c1de0a35-bc98-48b7-a533-6f002a061963,"2024-08-09 16:01:26.561642","2024-08-09 16:01:26.561642",1,"AI Persona for virtual contributor 111-1",193d58e3-4b79-4961-8212-9630705b908b,discussion-tagging,space_profile_and_contents,
3b299202-ab53-4af8-b5d0-fa624226a4e6,a3accd81-ffa0-4914-9bf7-45e1e2cd2330,"2024-06-24 14:32:10.451949","2024-06-28 11:08:55.985489",1,,13c2199a-f511-4319-9b02-a629190d9422,[discussion-tagging],space_profile,"Body of knowledge: based on the AI persona service ID: a3accd81-ffa0-4914-9bf7-45e1e2cd2330"
3dd5fe2c-9c09-4b4e-bc91-dffcf206c5de,a42f07e1-c027-4712-a4d5-4dfd7efa1c92,"2024-08-13 15:38:49.250939","2024-08-13 15:38:49.250939",1,"AI Persona for virtual contributor august13vc",b7c34b0e-c9fe-4141-9661-cf47b9a531a4,discussion-tagging,space_profile_and_contents,
3f24f7f8-95c9-4fd3-ab3a-f00312446abb,881f43ee-28c8-47fc-90ae-f47a1344489e,"2024-08-12 08:04:10.811793","2024-08-12 08:04:10.811793",1,"AI Persona for virtual contributor 222",6a6eb3e5-6cbc-4bf9-bc31-5558f3407f07,discussion-tagging,space_profile_and_contents,
405efca7-b7b9-4862-8783-8128fa6478f5,0bec7650-2be0-4027-8d1d-0338134ba229,"2024-08-14 08:42:32.798781","2024-08-14 08:42:32.798781",1,"AI Persona for virtual contributor myvc",cf73cb24-6bdb-46d2-9c18-555e9c0f35de,discussion-tagging,space_profile_and_contents,
41abe8c9-154c-4293-a6a8-0764b2b2fb51,5b49a1a3-d9e3-4774-8355-f2597e4655e1,"2024-08-12 07:26:56.778012","2024-08-12 07:26:56.778012",1,"AI Persona for virtual contributor 123-1",65a93cbd-1abd-4e31-9a51-6ce19f60828b,discussion-tagging,space_profile_and_contents,
42b846c2-8c4b-4bb4-b5c9-719026d72304,9e9cccb1-f7de-4ad6-9e8c-1fa87b9e2d69,"2024-08-09 15:39:57.237902","2024-08-09 15:39:57.237902",1,"AI Persona for virtual contributor ",be641f45-f6e2-49ce-9342-a11f960d8b5a,discussion-tagging,space_profile_and_contents,
4515fb85-0adb-47cc-9b77-5143fa5e9cfe,1721b7ba-cf00-48e2-a686-52ca40ac3247,"2024-08-14 06:48:28.256246","2024-08-14 06:48:28.256246",1,"AI Persona for virtual contributor 2314",44833cf3-7563-4c11-87bc-135b7ba085e0,discussion-tagging,space_profile_and_contents,
4fe5bd28-4f33-412f-9fb4-f976957c3e7b,de9d4659-a63b-468b-8ac6-4eda55031585,"2024-07-26 12:04:12.408036","2024-07-26 12:04:12.408036",1,"AI Persona for virtual contributor vc-26july2024",e8c398c1-46d3-431e-a494-621c02d26b9a,discussion-tagging,space_profile_and_contents,
5044275c-601c-4f46-ae0a-bf38577f88fb,a15674b4-df89-4596-b33a-538790db5bce,"2024-06-24 14:32:10.882051","2024-06-28 11:08:56.016415",1,,5e75a74b-3ba4-4e10-a19f-9a0e97a1b0c2,[discussion-tagging],space_profile,"Body of knowledge: based on the AI persona service ID: a15674b4-df89-4596-b33a-538790db5bce"
50f184e1-5ae8-4183-a571-991c7e3efe0a,2d2891de-148a-4c11-8215-23adf04c6a96,"2024-06-24 14:32:11.047247","2024-06-28 11:08:56.050288",1,,d7ed9b6d-5aee-47bb-8967-d2a05040b611,[discussion-tagging],space_profile,"Body of knowledge: based on the AI persona service ID: 2d2891de-148a-4c11-8215-23adf04c6a96"
51a8fc17-19df-4fe3-bd0e-8ad872bf5522,4e0682fc-fa15-42df-b9c3-16b3ed2279e2,"2024-06-24 14:32:07.380481","2024-06-28 11:08:56.087531",1,,aaf7ec79-1d6c-43c7-b9dc-cdc6ac64a927,[discussion-tagging],space_profile,"Body of knowledge: based on the AI persona service ID: 4e0682fc-fa15-42df-b9c3-16b3ed2279e2"
51cda869-ea22-443c-8af4-0f02518691e9,fbdde992-374b-4116-bc14-20114f734acd,"2024-08-12 07:32:25.397617","2024-08-12 07:32:25.397617",1,"AI Persona for virtual contributor test-vc-flow-dd-001",6d337266-e141-415a-a147-3ca311985793,discussion-tagging,space_profile_and_contents,
526580c3-ac0c-4ffd-8567-f6ae2d536e17,dcc401d7-d321-4a62-bb2f-b2e906ff9395,"2024-08-09 15:08:49.338115","2024-08-09 15:08:49.338115",1,"AI Persona for virtual contributor 111-1",468c2ab3-7d08-43dd-a1b6-301bce1052b0,discussion-tagging,space_profile_and_contents,
53229611-c2af-4668-bef6-946beca3bd81,915d7747-385e-44c1-9a53-c00023af7635,"2024-08-28 11:33:43.463451","2024-08-28 11:33:43.463451",1,"AI Persona for virtual contributor august27vc",7cb49970-ad8e-4bd5-9956-638893498aa1,discussion-tagging,space_profile_and_contents,
53e49820-498c-4daf-b2ae-948f0f0553d6,dc7974c2-d22e-4460-874f-3d2179b33204,"2024-06-28 12:27:48.073799","2024-06-28 12:27:48.073799",1,"AI Persona for virtual contributor larssonvc",c723d454-47ea-473b-a282-eae4a4bb011e,discussion-tagging,space_profile_and_contents,
54b24a6a-fda4-44b2-900d-3572227a5b71,bfa6909c-5af7-4b8a-acd1-85daab5ff558,"2024-08-12 09:43:27.725725","2024-08-12 09:43:27.725725",1,"AI Persona for virtual contributor 111-1",9e8806dc-e7c3-41b6-9471-22ffe4560a22,discussion-tagging,space_profile_and_contents,
560da41d-4a58-4f18-9407-3992b80b03f8,401b856f-5063-40e1-9e96-e42cec211392,"2024-08-14 08:13:49.111220","2024-08-14 08:13:49.111220",1,"AI Persona for virtual contributor 111-2",c460ef5a-99dc-41e5-846e-40e393f58619,discussion-tagging,space_profile_and_contents,
56fa9be6-c87c-4e7e-9093-b690e9917b55,4b564e4f-f2f8-4acb-949c-bd274e094bde,"2024-07-19 12:33:44.492276","2024-07-19 12:33:44.492276",1,"AI Persona for virtual contributor dfhgh",3ce5c76a-eaf6-4716-a80f-01c890a03d79,discussion-tagging,space_profile_and_contents,
58571a92-5a13-4020-bb66-cf62b4a6876f,1db1e6b8-42b3-4c88-b1e0-e93cbff64c94,"2024-09-02 11:12:58.787527","2024-09-02 11:12:58.787527",1,"AI Persona for virtual contributor test-vc-003",fef76d7d-48b5-4cf2-ba60-53e49be09be0,discussion-tagging,space_profile_and_contents,
585c0607-d6bd-4e9d-bf5a-ea49c726b1e0,826331dc-5cfe-4e7b-9a0d-95f315c97961,"2024-06-25 14:04:16.389894","2024-06-28 11:08:56.131478",1,"AI Persona for virtual contributor test-pedestrian-vc",9c411eb1-8dc9-4385-baa1-fd01a1a26139,discussion-tagging,space_profile_and_contents,"Body of knowledge: based on the AI persona service ID: 826331dc-5cfe-4e7b-9a0d-95f315c97961"
597bc9d1-7821-4523-ad70-fd0da9dcc62d,b61eed64-948a-4feb-b43b-59501220ac8b,"2024-07-05 14:07:55.753966","2024-07-05 14:07:55.753966",1,"AI Persona for virtual contributor andrewsvc1",fa667aa9-20ea-485f-8cd2-6d8b04766ed7,discussion-tagging,space_profile_and_contents,
5b033d77-fb85-47e7-a539-5d63b4df18d9,da93ace9-b274-4b1b-bab5-f92b21eee50d,"2024-06-24 14:32:08.439871","2024-06-28 11:08:56.165423",1,,9baa44a0-f622-41cd-ab96-87b9bf701f1d,[discussion-tagging],space_profile,"Body of knowledge: based on the AI persona service ID: da93ace9-b274-4b1b-bab5-f92b21eee50d"
5ba2ac46-01a8-4982-a5b5-472fd40bc5ca,e4033f9a-0f6d-486a-b8b7-304c5657fd20,"2024-08-09 08:50:07.424102","2024-08-09 08:50:07.424102",1,"AI Persona for virtual contributor aug9",2c6ba2e3-e948-474e-891c-f69b1a4de624,discussion-tagging,space_profile_and_contents,
5ba72250-f352-44ab-bcdc-a816137249a4,5ed283e3-566a-4794-88d8-4b5a93d392dd,"2024-06-24 14:32:11.660022","2024-06-28 11:08:56.196522",1,,aa69bf74-7fec-4a1b-befc-448a8ef7b8c8,[discussion-tagging],space_profile,"Body of knowledge: based on the AI persona service ID: 5ed283e3-566a-4794-88d8-4b5a93d392dd"
5bc55c93-5b6f-4fcd-8331-f668b863e026,53b45d26-419a-418c-b2d0-eb09bcf7bcd3,"2024-06-26 07:39:25.813930","2024-06-28 11:08:56.228933",1,"AI Persona for virtual contributor sdghelper",2000624a-6063-4f38-8c1b-712919bbcd32,discussion-tagging,space_profile_and_contents,"Body of knowledge: based on the AI persona service ID: 53b45d26-419a-418c-b2d0-eb09bcf7bcd3"
5dee0111-dd1e-44a5-aad4-398e56ea04c4,5128f990-d8cd-40c0-82eb-95c1276557cf,"2024-06-28 11:50:44.727304","2024-06-28 11:50:44.727304",1,"AI Persona for virtual contributor vc-campaign-manager",ff7ca07b-ebd3-4997-8940-669e69c39e5e,discussion-tagging,space_profile_and_contents,
5eb7b542-393e-4c91-881e-b9264a3333eb,af5356bb-3bae-4088-9a93-2226939a79c1,"2024-08-12 08:10:26.387911","2024-08-12 08:10:26.387911",1,"AI Persona for virtual contributor 333",100960cb-c1ca-45e1-9562-c4c321462fa0,discussion-tagging,space_profile_and_contents,
5f327a94-bd6b-4427-8b70-b87b972ae51d,b4aa38d1-dc66-4bd3-9479-7efb29b8ccf7,"2024-08-13 15:39:47.887328","2024-08-13 15:39:47.887328",1,"AI Persona for virtual contributor test-2",d04b32ff-54f3-4561-89c4-4e58da35237a,discussion-tagging,space_profile_and_contents,
6045db6a-cf25-4e82-9e04-049301a420e6,a78d36bf-af4e-4dbb-bc4c-2e496575b3a6,"2024-08-14 08:10:53.004396","2024-08-14 08:10:53.004396",1,"AI Persona for virtual contributor ewrwer",364bd054-9009-4369-82ca-022b9b584a3f,discussion-tagging,space_profile_and_contents,
607f24e1-31c2-47f7-98d4-d8e27f202bb5,3c6d4b1c-0f53-4eb1-af9d-20720c550eda,"2024-06-24 14:32:08.899925","2024-06-28 11:08:56.261255",1,,51ca5dee-9327-4be2-80a6-b1186385d1a2,[discussion-tagging],space_profile,"Body of knowledge: based on the AI persona service ID: 3c6d4b1c-0f53-4eb1-af9d-20720c550eda"
60d2f77c-877a-4e86-9aa6-442637d9fbc0,df53c88f-6c77-4a53-8412-a5d7a1e891e8,"2024-08-21 07:40:51.342472","2024-08-21 07:40:51.342472",1,"AI Persona for virtual contributor alkemiocommunityexpert",b985ce3a-c30c-4c0f-8f95-85125d589a9d,discussion-tagging,space_profile_and_contents,
60d60b0d-83c8-43d7-a375-4887f14fa58d,ae599ccf-3da4-4e79-9d48-92d408d8c5a3,"2024-08-14 08:33:56.986915","2024-08-14 08:33:56.986915",1,"AI Persona for virtual contributor 777-1",5936046c-1b17-4437-81fd-05d783e268cf,discussion-tagging,space_profile_and_contents,
6242586c-bfbd-4eef-a383-a7aee225b852,30f23c57-9664-4cf1-9aa5-1d7f5d43273d,"2024-07-08 11:41:33.838611","2024-07-08 11:41:33.838611",1,"AI Persona for virtual contributor l1-1",25038c37-8dbb-41f2-8b4f-bede771fc1e2,discussion-tagging,space_profile_and_contents,
62cc051b-e89e-4cad-9cf7-6e764b93b06d,cb64bc02-b9c9-4595-879a-eb1156f8ee4d,"2024-08-09 15:19:16.930180","2024-08-09 15:19:16.930180",1,"AI Persona for virtual contributor 312----------------------",f0d17fbe-33ce-4fd0-9687-d67687d2b891,discussion-tagging,space_profile_and_contents,
63617193-9336-4990-923b-b2d296750766,f2f1c266-43f8-418a-93a9-7fa9e3f87a97,"2024-08-12 06:53:35.177843","2024-08-12 06:53:35.177843",1,"AI Persona for virtual contributor 444",0ffbbd13-de84-4914-ab26-0045047f5bba,discussion-tagging,space_profile_and_contents,
638a28fa-115c-4253-94c3-e72516537dd4,dcad2832-0c0b-4160-811a-b80a912e1069,"2024-06-28 11:49:23.766398","2024-06-28 11:49:23.766398",1,"AI Persona for virtual contributor theverybestvirtualcon",1636e7e8-6680-4849-a89b-354fcb552d69,discussion-tagging,space_profile_and_contents,
63d94414-8aff-4073-9647-09a66ba02dbb,33aff183-b691-4af0-9538-1970a53849a6,"2024-08-23 10:52:23.964096","2024-08-23 10:52:23.964096",1,"AI Persona for virtual contributor simoneistesting",9b22fe5d-1a07-455e-8438-22af023d2701,discussion-tagging,space_profile_and_contents,
63f555f0-d9e4-4cd8-9033-dcc1c20a37d2,817435b7-17fb-45d2-9922-ab261fbb181d,"2024-06-28 11:31:40.242546","2024-06-28 11:31:40.242546",1,"AI Persona for virtual contributor kolio",b57664fe-9a4e-4cdf-8ad7-d60fbf143bef,discussion-tagging,space_profile_and_contents,
65778df8-f46d-4d1a-aff7-918252fb8e9a,0c763b71-2aab-4146-8215-74dc539b0dc7,"2024-08-12 13:22:00.000079","2024-08-12 13:22:00.000079",1,"AI Persona for virtual contributor 776",b09e44c9-1e91-4985-aff8-99bd3ef99e3b,discussion-tagging,space_profile_and_contents,
65f1c01f-9f11-4602-8ab0-7474a905d224,3196e31d-8f8e-4869-a927-1dd043550e4e,"2024-06-24 14:32:08.597267","2024-06-28 11:08:56.288344",1,,c4c61812-0ded-41a1-a990-8b69b7bc7d69,[discussion-tagging],space_profile,"Body of knowledge: based on the AI persona service ID: 3196e31d-8f8e-4869-a927-1dd043550e4e"
66723d12-ae4b-4a72-b250-f45110878655,65c3797e-3525-4f99-8f45-28a83d1e3425,"2024-07-01 09:22:24.439577","2024-07-01 09:22:24.439577",1,"AI Persona for virtual contributor test-vc",c2769930-5408-461f-a319-7adc04048809,discussion-tagging,space_profile_and_contents,
687baa77-a829-456b-af58-009039099c45,cb7ec39b-f4ac-431a-9b45-17556699731e,"2024-06-24 14:32:06.612328","2024-06-28 11:08:56.317640",1,,c68784ce-45ff-4ddf-a082-f07910299f8c,[discussion-tagging],space_profile,"Body of knowledge: based on the AI persona service ID: cb7ec39b-f4ac-431a-9b45-17556699731e"
6953b757-398a-4f73-b653-a1cbddbc82ff,4d8d9d4c-331c-49e6-9833-ded7db18e743,"2024-06-28 12:28:23.391078","2024-06-28 12:28:23.391078",1,"AI Persona for virtual contributor marketingvctest002",a4802883-3379-489d-a2bf-bb7200a1339e,discussion-tagging,space_profile_and_contents,
699237ff-885f-4519-8556-22a0789f90c5,dad91ad6-0e21-4d62-8705-a56d9d312e26,"2024-08-12 13:08:20.214745","2024-08-12 13:08:20.214745",1,"AI Persona for virtual contributor inv-1",9601fbf0-bc5d-4ba1-b20f-55da550a0509,discussion-tagging,space_profile_and_contents,
6b5e1b6e-2398-4cb4-a68e-de094a917f9a,b3b3ec24-1d55-4d5b-ab29-644bfbcd6e60,"2024-08-21 07:32:24.375255","2024-08-21 07:32:24.375255",1,"AI Persona for virtual contributor joeroganpodcast",66e39647-2bc5-4b23-8f78-cdc6682d174c,discussion-tagging,space_profile_and_contents,
6bd11489-4e3b-4b44-b10f-6c29d0e68218,91d6a05c-b042-4e18-84aa-4bbfd876959c,"2024-08-14 09:04:08.130803","2024-08-14 09:04:08.130803",1,"AI Persona for virtual contributor 555-1",0728e3e5-1522-4430-9510-2f3dde18d718,discussion-tagging,space_profile_and_contents,
6bf8662b-2df4-4d78-b2d7-fa088b844470,de1813e1-2c57-4714-be83-d3330f2d6d35,"2024-08-23 10:54:32.138700","2024-08-23 10:54:32.138700",1,"AI Persona for virtual contributor vc9l4",48047598-d682-4e06-aaff-fb91442a13c4,discussion-tagging,space_profile_and_contents,
6f854835-2774-497a-87af-dc645cf0205b,42fe34b7-8dd5-4157-a523-db33a994cba4,"2024-08-21 09:12:04.550720","2024-08-21 09:12:04.550720",1,"AI Persona for virtual contributor 11104",b1578da9-44c9-49ff-9df7-6ba724444e51,discussion-tagging,space_profile_and_contents,
6fe47bb6-fa3b-4567-afd4-678c3f82586a,7ed6ae06-ab86-48ac-8db1-2c90a4366e5b,"2024-06-24 14:32:08.141456","2024-06-28 11:08:56.347911",1,,69837d32-57e9-4747-ab0f-11ffb26fe33b,[discussion-tagging],space_profile,"Body of knowledge: based on the AI persona service ID: 7ed6ae06-ab86-48ac-8db1-2c90a4366e5b"
70d4e8a0-ff12-4c5b-af27-dc32ed3ae494,2ce8104b-e07f-4dcc-a913-8c95f86d49a5,"2024-08-20 09:25:12.163265","2024-08-20 09:25:12.163265",1,"AI Persona for virtual contributor 777pd",73e29bb5-087f-4002-8f67-b2174da83629,discussion-tagging,space_profile_and_contents,
7135d11c-59d1-41e4-b116-7d5abc59bf4e,5d84a2b5-7c8c-430e-ae3f-9e41f4c06c4f,"2024-06-24 14:32:11.980896","2024-06-28 11:08:56.379909",1,,80d4cf11-2a91-4fec-adcf-7608089d43c8,[discussion-tagging],space_profile,"Body of knowledge: based on the AI persona service ID: 5d84a2b5-7c8c-430e-ae3f-9e41f4c06c4f"
74871bd0-d197-48b8-a482-0865acf9f86a,93f7381d-5ce6-4583-b69f-c14751c1030b,"2024-08-12 07:00:51.210146","2024-08-12 07:00:51.210146",1,"AI Persona for virtual contributor 888",7fc7951a-acae-4407-8a94-08f860828170,discussion-tagging,space_profile_and_contents,
77a39fbe-4986-4200-9091-748d7eb83e34,c610437f-3adb-40d4-9ded-4879fa52a6cf,"2024-06-25 12:46:48.923220","2024-06-28 11:08:56.413012",1,"AI Persona for virtual contributor spacecontr2",f79e6a12-158e-4e0b-aa3e-440540175514,discussion-tagging,space_profile_and_contents,"Body of knowledge: based on the AI persona service ID: c610437f-3adb-40d4-9ded-4879fa52a6cf"
7b74bb9a-e6ef-48c3-bf6b-daea728db031,3c3fc7e6-5a2a-428e-a17d-a8e6dca8b0ab,"2024-06-28 23:09:58.785994","2024-06-28 23:09:58.785994",1,"AI Persona for virtual contributor mymyvc",fce2c1d6-de76-4c2f-b75f-7a30ed9b6a75,discussion-tagging,space_profile_and_contents,
7b9569e5-b8a9-4710-8b3e-12db4afb971d,1dd1c514-88ee-49d2-9662-7e7f0c821c88,"2024-06-28 11:42:52.006091","2024-06-28 11:42:52.006091",1,"AI Persona for virtual contributor vccampaignmanager",d63948c2-6acb-4f51-9c64-d84d48cf54fd,discussion-tagging,space_profile_and_contents,
7d4f311f-3401-4d97-a9ec-b8250d6613a0,fce41576-d852-4678-91c0-9b00959c3e03,"2024-06-24 14:32:10.590204","2024-06-28 11:08:56.441051",1,,32c4826d-b694-4768-92ef-083b2096f2d0,[discussion-tagging],space_profile,"Body of knowledge: based on the AI persona service ID: fce41576-d852-4678-91c0-9b00959c3e03"
7e6e6cca-076c-490d-8113-d223880fd6d1,7c2013f4-b21c-439a-8295-cd86f397353f,"2024-08-12 13:05:21.863589","2024-08-12 13:05:21.863589",1,"AI Persona for virtual contributor inv",7b6453fa-667b-4cc2-a534-3c57a5e636fe,discussion-tagging,space_profile_and_contents,
7ea11109-a3cd-45a8-b1ef-64bb2eebd949,60f5f09b-6991-4b01-b8da-d6c33bb12761,"2024-08-13 14:26:32.217685","2024-08-13 14:26:32.217685",1,"AI Persona for virtual contributor createsubspace",bdbcc189-fbb1-4201-bd2f-139a183be0ec,discussion-tagging,space_profile_and_contents,
7eabf2eb-901f-4ff1-acfb-3045a87b490c,6685b951-bf34-46a7-83e5-281caabe10f7,"2024-06-24 14:32:07.987020","2024-06-28 11:08:56.473932",1,,9e71c97f-aedb-4532-9663-77d5baeeecbd,[discussion-tagging],space_profile,"Body of knowledge: based on the AI persona service ID: 6685b951-bf34-46a7-83e5-281caabe10f7"
7f79f225-8888-4ad5-892b-838394213fb7,3fbdf527-b5b1-415d-a1d5-27d4a5d936ac,"2024-08-09 15:53:38.783041","2024-08-09 15:53:38.783041",1,"AI Persona for virtual contributor 111-1",1067ae2c-f101-4ffb-ab6b-30c1160ff914,discussion-tagging,space_profile_and_contents,
82537132-4c87-455c-a63e-fae36b0d09cf,b03e826a-6b13-49a3-94d1-4825a2aacaae,"2024-08-09 08:53:41.854612","2024-08-09 08:53:41.854612",1,"AI Persona for virtual contributor aug9-2",d819fa57-2ff4-461c-9d85-d53e9865a1fe,discussion-tagging,space_profile_and_contents,
826ba61a-2e25-438e-a2a8-485e925b60a5,cb99b471-9415-4697-baef-9b4d5a9d6501,"2024-06-24 14:32:12.122807","2024-06-28 11:08:56.504037",1,,e8d7e4fb-e152-4b41-aa67-3c6002db5d4a,[discussion-tagging],space_profile,"Body of knowledge: based on the AI persona service ID: cb99b471-9415-4697-baef-9b4d5a9d6501"
840c7508-1d4f-47d4-84db-10ed52a8eeb6,8a723ce3-6d6b-4460-8d44-4c962aa14605,"2024-06-24 14:32:06.762690","2024-06-28 11:08:56.540717",1,,007bec4b-fbaa-42ca-98d6-9e5664bff65b,[discussion-tagging],space_profile,"Body of knowledge: based on the AI persona service ID: 8a723ce3-6d6b-4460-8d44-4c962aa14605"
8432cc07-66a4-4129-818c-ac64c751863e,aa7e0e7b-bbec-405b-ab88-0ef1132b268a,"2024-08-14 08:36:43.242345","2024-08-14 08:36:43.242345",1,"AI Persona for virtual contributor 555",c83af576-4aa9-495f-82d0-49278703bdbd,discussion-tagging,space_profile_and_contents,
8575532f-c08f-4933-a0f5-b847fa4855a1,e91e0935-f540-44cb-bc73-35c27e1c2700,"2024-06-24 14:32:11.218287","2024-06-28 11:08:56.570519",1,,52119670-b76a-4bcd-a5f5-e8dc5a204531,[discussion-tagging],space_profile,"Body of knowledge: based on the AI persona service ID: e91e0935-f540-44cb-bc73-35c27e1c2700"
863d4c6f-7275-486c-b12b-29763dc632e1,500bd56e-8f9e-4e8a-8a47-c5fbbd333d75,"2024-08-12 07:25:28.777774","2024-08-12 07:25:28.777774",1,"AI Persona for virtual contributor test-vc-flow-003",0fb66efd-1c58-448d-ad6f-391bb928eb37,discussion-tagging,space_profile_and_contents,
8678f077-620e-45aa-8177-be7cd1d1200a,c2bca762-6430-43a0-b663-59549bb450f4,"2024-06-24 14:32:10.150660","2024-06-28 11:08:56.604004",1,,c1a1a28c-527c-46a2-b3bc-e8a2cc9caeac,[discussion-tagging],space_profile,"Body of knowledge: based on the AI persona service ID: c2bca762-6430-43a0-b663-59549bb450f4"
8864edde-441a-4e5d-84b1-22cbf6d1a602,5fdd0aa4-886e-4671-8b4b-f807753435ed,"2024-06-24 14:32:06.138836","2024-06-28 11:08:56.643755",1,,adbddfcf-288e-4919-8bff-0c3ec7874f2f,[discussion-tagging],space_profile,"Body of knowledge: based on the AI persona service ID: 5fdd0aa4-886e-4671-8b4b-f807753435ed"
8b1e3308-437d-4aa8-9ed4-75f0c3c63dbc,ad2bdb8a-bfb9-4b98-8d5a-213b7d5e02bf,"2024-08-12 07:35:09.533590","2024-08-12 07:35:09.533590",1,"AI Persona for virtual contributor test-vc-flow-dd-002",1c056ffa-868a-4d7b-a6a2-14a49d53af40,discussion-tagging,space_profile_and_contents,
8cc964cb-bfb1-4518-a92d-a8517d01eb11,fad665c7-1474-4258-a1f7-2d3e2ec86052,"2024-08-09 13:57:18.729925","2024-08-09 13:57:18.729925",1,"AI Persona for virtual contributor 777",7180c072-bb3d-4848-8171-218103b0e686,discussion-tagging,space_profile_and_contents,
8ea4ae49-ed63-43b8-b9d9-03ed239ade7a,499c4476-b38a-44ea-b5d0-42e4d8bbb826,"2024-08-29 07:39:32.212087","2024-08-29 07:39:32.212087",1,"AI Persona for virtual contributor testwrittenknowledge",288bd23b-dc9f-4640-8d20-e3a3886c40ff,discussion-tagging,space_profile_and_contents,
8f0881c9-560d-4bf4-9cdb-944b374e935c,8528f976-33f4-4469-a3ee-42b3d2f4ac14,"2024-07-05 14:00:14.565944","2024-07-05 14:00:14.565944",1,"AI Persona for virtual contributor vc1222carlos",c251457c-6ce3-43ff-9056-15bd079040ad,discussion-tagging,space_profile_and_contents,
8f5629c9-1932-4b3b-b1a9-8c8127a74a0f,a1358ae5-8c40-4775-8419-802e21c6c2a2,"2024-06-25 12:46:36.588213","2024-06-28 11:08:56.671265",1,"AI Persona for virtual contributor spacecontr1",617fb99c-29b2-46d0-ac13-d1412f5506bd,discussion-tagging,space_profile_and_contents,"Body of knowledge: based on the AI persona service ID: a1358ae5-8c40-4775-8419-802e21c6c2a2"
9453b8f0-0e83-4f40-ac92-17abaf973d3b,1c386107-9444-455b-839c-dc3d85afa79b,"2024-08-20 09:41:49.736515","2024-08-20 09:41:49.736515",1,"AI Persona for virtual contributor 444fj",cf087b6c-7b9f-47b4-97ef-4a2bb75ccae6,discussion-tagging,space_profile_and_contents,
945dd396-f5de-47cf-9077-50f4131d88c6,9034a301-242f-4702-824d-dd0e6559ec13,"2024-06-24 14:32:07.217331","2024-06-28 11:08:56.721782",1,,f0300570-555a-4019-b828-3c5394e2a1cb,[discussion-tagging],space_profile,"Body of knowledge: based on the AI persona service ID: 9034a301-242f-4702-824d-dd0e6559ec13"
976011bd-70a7-4fb9-857f-d4569c62ed95,9e5a92ac-caf7-4954-948e-d82c3110aaff,"2024-06-24 14:32:12.712651","2024-06-28 11:08:56.755516",1,,45e2dab2-fff2-48fe-8ec6-98430ef11ccf,[discussion-tagging],space_profile,"Body of knowledge: based on the AI persona service ID: 9e5a92ac-caf7-4954-948e-d82c3110aaff"
97de07c3-7a22-4f77-b722-228ede5b977c,49a662aa-58d6-4cfb-a51d-62909aab14df,"2024-06-24 14:32:10.296513","2024-06-28 11:08:56.785926",1,,005f6424-b585-4883-9439-8228011d34b4,[discussion-tagging],space_profile,"Body of knowledge: based on the AI persona service ID: 49a662aa-58d6-4cfb-a51d-62909aab14df"
9b25ab44-2bc4-42d4-9bdf-eac005a2fcb8,b40eb03b-9a3e-4128-ae45-9d3ff6f7c4e5,"2024-08-09 14:16:41.822061","2024-08-09 14:16:41.822061",1,"AI Persona for virtual contributor 123-1",767d1a0b-5bcd-454f-bd1e-1e4ca0214046,discussion-tagging,space_profile_and_contents,
9c2a263e-907c-48f6-bb14-eb1e5d198e99,0fceb622-8818-45bd-8b9c-5e9836633097,"2024-08-12 07:12:12.051758","2024-08-12 07:12:12.051758",1,"AI Persona for virtual contributor 555",c9ba3da7-705e-44a3-bed7-afff8a8219e1,discussion-tagging,space_profile_and_contents,
9c3714f8-bb70-4c35-97b2-8b9165815175,7fa006de-8535-45a6-b773-88682175d37e,"2024-06-24 14:32:09.525180","2024-06-28 11:08:56.816310",1,,4d144d43-58f4-4153-bfc6-e511557557a8,[discussion-tagging],space_profile,"Body of knowledge: based on the AI persona service ID: 7fa006de-8535-45a6-b773-88682175d37e"
a07af779-f6d3-4f88-abd2-809dbb4ca243,9ad79f74-ac11-4b53-9903-e0384c8fab88,"2024-09-02 11:23:58.428843","2024-09-02 11:23:58.428843",1,"AI Persona for virtual contributor vcbobt1",7cb7296e-4cb7-4455-81f4-907f3c101815,discussion-tagging,space_profile_and_contents,
a0b7d2ae-6962-46e3-874f-6cf6a3624073,b852e345-edcb-4186-b5c3-b8fa86a9ae1d,"2024-06-24 14:32:11.804704","2024-06-28 11:08:56.847052",1,,6f566171-47db-43b6-b2d9-e64e0270601b,[discussion-tagging],space_profile,"Body of knowledge: based on the AI persona service ID: b852e345-edcb-4186-b5c3-b8fa86a9ae1d"
a52d06f5-2e36-4e4f-8890-20167cabfa03,07c99208-1b44-49ca-ad96-9eaaa37c9033,"2024-06-24 14:32:09.048515","2024-06-28 11:08:56.881278",1,,571a70d4-c37e-4a7f-95b3-4a54ffb1dcb3,[discussion-tagging],space_profile,"Body of knowledge: based on the AI persona service ID: 07c99208-1b44-49ca-ad96-9eaaa37c9033"
a5e4aa3b-4ee1-443d-a73e-734ad910574c,4f7948e5-2769-4b7b-9e6d-e65cbf4f59c4,"2024-06-26 15:28:50.522321","2024-06-28 11:08:56.911924",1,"AI Persona for virtual contributor music",8f5375cc-225c-4ca1-a4cb-5853f5b8127b,discussion-tagging,space_profile_and_contents,"Body of knowledge: based on the AI persona service ID: 4f7948e5-2769-4b7b-9e6d-e65cbf4f59c4"
a925c11f-44d1-4b7d-b088-2f51cb633c29,eb6586ba-b655-485d-b2cc-01799bf61945,"2024-08-12 09:19:16.605192","2024-08-12 09:19:16.605192",1,"AI Persona for virtual contributor 555",0eb576b3-b1a7-4a31-b8e2-5220959b926a,discussion-tagging,space_profile_and_contents,
a93571dc-94ea-45ce-9e24-63c62af802ea,fa1a9696-8df6-417a-869e-e4062672ecaa,"2024-08-14 08:32:51.177223","2024-08-14 08:32:51.177223",1,"AI Persona for virtual contributor 666",78907760-8798-4c85-a1ac-5ac78aee020c,discussion-tagging,space_profile_and_contents,
a9358a2c-69b7-4070-9845-cc767b346eee,a2332f82-db45-44df-a788-f1256d4036d1,"2024-08-12 09:10:59.315109","2024-08-12 09:10:59.315109",1,"AI Persona for virtual contributor 444",5dd1cc67-24ff-4958-93f4-6352ce935e8b,discussion-tagging,space_profile_and_contents,
aa0e698d-86ef-44ec-8d70-ad8ea7dffb09,0abb69ab-bdc5-403e-9bd1-e7272c724a4e,"2024-06-28 11:42:32.831054","2024-06-28 11:42:32.831054",1,"AI Persona for virtual contributor campaignmanager",06b92887-b03b-49aa-b084-9a298242ea64,discussion-tagging,space_profile_and_contents,
aab86332-aa96-4b30-b173-f145996b3845,a2226e8a-4b75-48cf-8a09-1aac93f8779c,"2024-08-29 08:22:11.380080","2024-08-29 08:22:11.380080",1,"AI Persona for virtual contributor 73august29",b6c55516-5928-44c4-b62a-c4787a90c216,discussion-tagging,space_profile_and_contents,
ab052a49-cff9-4b5f-abc9-dcabe6b3d865,337e038a-bc27-4d4f-a7a4-2a56b5b579ac,"2024-07-08 12:34:39.504397","2024-07-08 12:34:39.504397",1,"AI Persona for virtual contributor 1233",196c35a6-5fb0-40f2-8e7f-723061ae929c,discussion-tagging,space_profile_and_contents,
ad464add-5cb9-4a6f-ab67-78e7e1a7eb8f,9be2167c-c90c-4540-8e6d-8a94061be721,"2024-08-09 10:40:52.152697","2024-08-09 10:40:52.152697",1,"AI Persona for virtual contributor 111",9529b7fd-41bc-449a-a934-1b1b46af7473,discussion-tagging,space_profile_and_contents,
ad8e0dbb-6e93-43ad-93bf-7c7b320dbaed,20ea463d-fd9d-4989-99ad-3974119cbdc9,"2024-06-24 14:32:05.947221","2024-06-28 11:08:56.947655",1,,aa952163-ddec-4821-897f-118f62374ce2,[discussion-tagging],space_profile,"Body of knowledge: based on the AI persona service ID: 20ea463d-fd9d-4989-99ad-3974119cbdc9"
af84b9a8-b90d-4704-99c0-47fcbf34ea1d,6b04b786-9214-44aa-a9e1-4858455beb10,"2024-08-12 07:07:31.740810","2024-08-12 07:07:31.740810",1,"AI Persona for virtual contributor 111-1",ed35dcd4-3789-4b16-a972-e1a4f146ec95,discussion-tagging,space_profile_and_contents,
afeb5b33-07d3-4a85-bf64-9300f6c2bd8d,37be1f87-60df-4c86-8aba-52d018543368,"2024-06-24 14:32:08.745542","2024-06-28 11:08:56.974931",1,,8e905662-1d1d-48a4-abed-ece325d68dbc,[discussion-tagging],space_profile,"Body of knowledge: based on the AI persona service ID: 37be1f87-60df-4c86-8aba-52d018543368"
b01606ee-acf4-4cc6-a48b-7b37d014f287,04a5ee36-0566-4208-8e82-9715d7b54522,"2024-06-24 14:32:06.295254","2024-06-28 11:08:57.008096",1,,19329dc0-bc54-4d63-8e4a-16536a1dbaad,[discussion-tagging],space_profile,"Body of knowledge: based on the AI persona service ID: 04a5ee36-0566-4208-8e82-9715d7b54522"
b2c44846-1cd7-4f83-b1c4-b44159e7bf3c,0f3e0ac7-bc85-4dfe-9f23-ff202429c248,"2024-08-09 10:41:26.865245","2024-08-09 10:41:26.865245",1,"AI Persona for virtual contributor expert",cf8ba932-045b-4cc1-8292-a14513e667b3,discussion-tagging,space_profile_and_contents,
b3006d36-5dae-4d5a-9570-e76ea60f36a2,5243f266-03da-4ccd-a514-78d1cebe6a87,"2024-06-25 10:47:57.053536","2024-06-28 11:08:57.045086",1,"AI Persona for virtual contributor j25-2",2b6de1d0-e115-4e55-a5f7-ed769d09742d,discussion-tagging,space_profile_and_contents,"Body of knowledge: based on the AI persona service ID: 5243f266-03da-4ccd-a514-78d1cebe6a87"
b410736c-8c5d-49a6-ae1e-9c9a15e47ed4,b74570c8-36c1-40b0-8fdc-8485f5042fc1,"2024-06-24 14:32:11.366506","2024-06-28 11:08:57.076149",1,,0ef8b159-543c-45aa-9124-f79f6887d1b8,[discussion-tagging],space_profile,"Body of knowledge: based on the AI persona service ID: b74570c8-36c1-40b0-8fdc-8485f5042fc1"
b855e5a8-e1f8-4183-8a2e-3d04449e8ffe,85d106ae-30e3-4797-990b-4f412faef033,"2024-06-24 14:32:06.908822","2024-06-28 11:08:57.110873",1,,a659fa81-88ee-409e-9305-8cba385dec45,[discussion-tagging],space_profile,"Body of knowledge: based on the AI persona service ID: 85d106ae-30e3-4797-990b-4f412faef033"
b9dbb580-f7b6-4f40-a80d-355472306e46,6f6f949b-0106-4f4c-bf9d-0c3863b1984d,"2024-08-12 06:57:47.279241","2024-08-12 06:57:47.279241",1,"AI Persona for virtual contributor 213",290b3059-414a-4fc4-83e0-d523a7580824,discussion-tagging,space_profile_and_contents,
bebeec42-f1d4-4bd4-9b4b-d6d81220e91e,7a5d65d8-0253-4bc4-a545-ee4ea9a0667d,"2024-08-12 13:20:52.291142","2024-08-12 13:20:52.291142",1,"AI Persona for virtual contributor 778",b3a62f43-2343-43ba-86fb-f6dd6c6bb334,discussion-tagging,space_profile_and_contents,
bf62e43c-13ab-4031-aa4d-c44495acf516,f8f73a24-1b5e-44da-be91-789b595da23c,"2024-06-24 14:32:09.836847","2024-06-28 11:08:57.144539",1,,76345d3c-9a5d-4061-ae8f-aad4cad5a69d,[discussion-tagging],space_profile,"Body of knowledge: based on the AI persona service ID: f8f73a24-1b5e-44da-be91-789b595da23c"
bf92fc82-8a72-4310-a66c-df6aa134e1b4,e4ab0e60-815b-4407-85f3-6ab3781b82c9,"2024-07-05 14:29:36.221492","2024-07-05 14:29:36.221492",1,"AI Persona for virtual contributor extravc1",642ffa2b-fc47-4574-be86-6dafe137f6f0,discussion-tagging,space_profile_and_contents,
c5866d98-2f6b-4795-8aca-51605af985c3,3913b40d-c3a2-407c-a69c-4a2e4c58efbb,"2024-07-05 13:59:54.854170","2024-07-05 13:59:54.854170",1,"AI Persona for virtual contributor vc1222",5383c04b-f8f4-4b89-ab2c-af5040107781,discussion-tagging,space_profile_and_contents,
cd9aa585-de8d-4c80-b47a-21defb3555e3,17953356-044b-4046-8dae-edb1e09a159e,"2024-06-24 14:32:09.683424","2024-06-28 11:08:57.178929",1,,d4224949-f4ed-4451-96da-a419101bb6f0,[discussion-tagging],space_profile,"Body of knowledge: based on the AI persona service ID: 17953356-044b-4046-8dae-edb1e09a159e"
cf1311cb-0e9b-4d59-a305-88fe0ba72f96,cc82d77d-723b-470c-8813-a32bdc04ac2c,"2024-07-18 12:40:16.501945","2024-07-18 12:40:16.501945",1,"AI Persona for virtual contributor mountains",9c4f9265-e89c-48fe-8ceb-58ec1b391235,discussion-tagging,space_profile_and_contents,
cf59e3fe-2083-4703-8ca6-80fb02eb439c,47e83bff-32f8-4416-9c4b-96f13f60e29d,"2024-07-08 10:38:21.883934","2024-07-08 10:38:21.883934",1,"AI Persona for virtual contributor l1-2",9f1f30f8-f226-4c8b-9234-3e4d5badbe13,discussion-tagging,space_profile_and_contents,
d090a4c6-4c4b-45e9-a081-a7eb5d9ea081,427be997-4a33-47d8-9e6d-f9c0264ad80a,"2024-07-08 10:46:03.171341","2024-07-08 10:46:03.171341",1,"AI Persona for virtual contributor l1-22",dd63c9ea-ea6b-4723-9cfa-ded9c144666b,discussion-tagging,space_profile_and_contents,
d0c66be2-6068-4712-abae-478ddcd66002,0515a4ed-0f28-4976-93d1-659e74552581,"2024-06-24 14:32:09.385528","2024-06-28 11:08:57.213667",1,,7ad425a8-8764-49b4-95c6-c4b857d58686,[discussion-tagging],space_profile,"Body of knowledge: based on the AI persona service ID: 0515a4ed-0f28-4976-93d1-659e74552581"
d0f0fb96-52c4-4c43-8700-2ac561c59d71,c01b453f-e10e-433a-b6f3-293eb077632c,"2024-09-02 11:17:53.742165","2024-09-02 11:17:53.742165",1,"AI Persona for virtual contributor lalavc",7d27ec51-eb2c-4435-b7ca-860f31fcafd1,discussion-tagging,space_profile_and_contents,
d68476f5-e6c8-4092-9ba9-50c1348d6a2b,834526d4-17d9-4943-8f86-751a1b3c577a,"2024-07-01 07:49:07.601588","2024-07-01 07:49:07.601588",1,"AI Persona for virtual contributor dominaciq",ae20ec25-434a-47fe-8996-4c896498b7a6,discussion-tagging,space_profile_and_contents,
dbc20f86-3eee-4ed6-a921-a4c12dcf1499,dac1dc8e-589b-445b-9898-d4a3661956e0,"2024-06-24 14:32:12.422107","2024-06-28 11:08:57.245036",1,,21f08f1e-2bd1-49b8-adfa-39691f2d973b,[discussion-tagging],space_profile,"Body of knowledge: based on the AI persona service ID: dac1dc8e-589b-445b-9898-d4a3661956e0"
e12e5420-fc80-42f3-aed2-54e3ade91e46,1649f90f-9cf9-426d-83b4-24b5257f2989,"2024-08-12 07:24:42.363129","2024-08-12 07:24:42.363129",1,"AI Persona for virtual contributor test-vc-flow-002",a19b68bc-a23f-48fc-ac1d-c575978ffab8,discussion-tagging,space_profile_and_contents,
e17143ab-a584-4dd1-9592-c2dcb0fa5ce8,c43b2990-2c34-4948-b939-df6f89aae5f2,"2024-06-24 14:32:10.004561","2024-06-28 11:08:57.280062",1,,2e5fa7c2-e149-444b-bbe4-ee589fa0a4a9,[discussion-tagging],space_profile,"Body of knowledge: based on the AI persona service ID: c43b2990-2c34-4948-b939-df6f89aae5f2"
e1ea649b-554a-4605-8ee3-a6aa90da6369,457b3c83-0527-40e6-a57b-4607496ec02d,"2024-06-24 14:32:11.503102","2024-06-28 11:08:57.310984",1,,db8e77dd-7d3f-45c0-bbdf-4b547f00b6f0,[discussion-tagging],space_profile,"Body of knowledge: based on the AI persona service ID: 457b3c83-0527-40e6-a57b-4607496ec02d"
e6ea3d9b-491c-4282-a35d-2c7b525cf4a9,bf5ced6c-a59a-45bd-b1e5-3470b947e62d,"2024-06-28 09:03:49.536109","2024-06-28 11:08:57.356184",1,"AI Persona for virtual contributor botev",d65438c3-a229-487e-8e5f-3bb728a78967,discussion-tagging,space_profile_and_contents,"Body of knowledge: based on the AI persona service ID: bf5ced6c-a59a-45bd-b1e5-3470b947e62d"
e7616751-fa1a-49de-9576-fe526a7a0265,10b3b694-f63b-483a-aef5-64d6bdd6f931,"2024-06-25 13:30:37.020559","2024-06-28 11:08:57.384102",1,"AI Persona for virtual contributor 1122",06964d83-cfb4-4bf3-a701-cb6ab0b2a7e4,discussion-tagging,space_profile_and_contents,"Body of knowledge: based on the AI persona service ID: 10b3b694-f63b-483a-aef5-64d6bdd6f931"
e7b7d7ae-71cc-4891-880b-5afe73ff65f4,bcd45a92-a737-4b76-9869-41e364897d83,"2024-08-20 08:37:09.158505","2024-08-20 08:37:09.158505",1,"AI Persona for virtual contributor 2227j",d78c789b-d760-4622-a2d5-9339eb395e2d,discussion-tagging,space_profile_and_contents,
eb2809e7-6358-444f-9e60-1279f94b3ca8,e509465b-fe0f-474c-8b5b-a851a3b2aa53,"2024-08-12 14:11:01.967701","2024-08-12 14:11:01.967701",1,"AI Persona for virtual contributor test",5705fc42-8267-4310-813f-ee1a0cdda1e2,discussion-tagging,space_profile_and_contents,
ebc0d91d-9b7c-4023-867f-5c5d73cd2993,8efcb84c-fef5-439c-9758-9508c067cd48,"2024-06-26 10:35:19.993206","2024-06-28 11:08:57.415677",1,"AI Persona for virtual contributor j25-admin",bf226647-d7a0-47f0-aacf-96fb3272b8b7,discussion-tagging,space_profile_and_contents,"Body of knowledge: based on the AI persona service ID: 8efcb84c-fef5-439c-9758-9508c067cd48"
ee2a8b5d-48ac-4829-a382-0c3c76a4a3e2,ce30baf7-5a2b-48d4-9ec4-f3906686d88d,"2024-06-24 14:32:12.269421","2024-06-28 11:08:57.448019",1,,6d2bfc6b-54d0-48e8-9f8e-de2e8da60b90,[discussion-tagging],space_profile,"Body of knowledge: based on the AI persona service ID: ce30baf7-5a2b-48d4-9ec4-f3906686d88d"
ee9c8966-051c-416b-86fc-47c49937f667,ae8279c4-b997-456a-bda2-e4fc2c3b072a,"2024-07-01 10:19:21.357101","2024-07-01 10:19:21.357101",1,"AI Persona for virtual contributor test-vc-002",236d4b58-e2d9-4c59-ba3c-f9036480d97c,discussion-tagging,space_profile_and_contents,
f00b37a6-5cf7-4257-9c3f-34847d1ed06a,a7587f25-77ad-4404-85bc-308015912352,"2024-06-28 09:20:43.646900","2024-06-28 11:08:57.483564",1,"AI Persona for virtual contributor music-docs",1b79eba1-bacf-4a2b-a888-6211278f4442,discussion-tagging,space_profile_and_contents,"Body of knowledge: based on the AI persona service ID: a7587f25-77ad-4404-85bc-308015912352"
f09324df-edba-43a5-9602-4619a219df54,f3be9f50-3b60-4d40-a5bd-050217940c01,"2024-07-05 14:04:54.882089","2024-07-05 14:04:54.882089",1,"AI Persona for virtual contributor uniquenameforsure333",48be39d7-c7f0-48ec-a231-bd046ad0613a,discussion-tagging,space_profile_and_contents,
f401644f-7ef2-43f9-90a0-2a63d737b8fa,6d4cda6c-cffd-4a61-b711-852011033820,"2024-08-14 08:49:07.794808","2024-08-14 08:49:07.794808",1,"AI Persona for virtual contributor 111-2",b944ebad-a50e-4e5d-902f-482af7ed349e,discussion-tagging,space_profile_and_contents,
f85318f1-3794-47a6-8407-c910c2083b93,b665e6e9-2818-473f-b559-940954590c06,"2024-07-05 14:05:47.004389","2024-07-05 14:05:47.004389",1,"AI Persona for virtual contributor misho",3deacb0c-d6fc-4ea2-9cc0-9a9d3f76023f,discussion-tagging,space_profile_and_contents,
f9c6235a-feb0-4378-b803-1a177e30cc1a,2c6417b6-4127-438a-822f-ed2402f175f2,"2024-08-09 15:06:22.772205","2024-08-09 15:06:22.772205",1,"AI Persona for virtual contributor 213",8c3c07aa-9370-4f56-8022-8c42ced2ae96,discussion-tagging,space_profile_and_contents,
fade86ed-91c8-4cfa-9602-88bbe6e27c0e,3c82a121-7ea0-437f-87df-1c1c77b3581b,"2024-06-24 14:32:10.744134","2024-06-28 11:08:57.511508",1,,27395757-c305-463c-ad79-6f0b7d52a13b,[discussion-tagging],space_profile,"Body of knowledge: based on the AI persona service ID: 3c82a121-7ea0-437f-87df-1c1c77b3581b"
fdfd3a43-5a47-45b1-a543-616f706764b5,ca7a7ad9-ddae-4c22-b1e7-1d2d3152291d,"2024-06-24 14:32:06.466007","2024-06-28 11:08:57.554784",1,,2724fa5c-d5ba-4f50-92cd-68fa82309762,[discussion-tagging],space_profile,"Body of knowledge: based on the AI persona service ID: ca7a7ad9-ddae-4c22-b1e7-1d2d3152291d"
